{            
    "TungstenArmor": {
        "Thickness": 0.002,
        "Elements": {
            "w180": 7.543659417457512e+25,
            "w182": 1.6658914546885342e+28,
            "w183": 8.989527472470203e+27,
            "w184": 1.923633151451666e+28,
            "w186": 1.785332728798278e+28                    
        }
    },
    "FirstWall": {
        "Thickness": 0.025,
        "Elements": {
            "cr50": 2.301988884357483e+26,
            "cr52": 4.444854113114218e+27,
            "cr53": 5.038915760690342e+26,
            "cr54": 1.2570768792459065e+26,
            "c12": 2.775566028924584e+26,
            "c13": 2.9748230441456607e+24,
            "mn55": 2.2311506732793835e+26,
            "v50": 3.007738182243917e+23,
            "v51": 1.2000875347153227e+26,
            "n14": 6.536980930920338e+25,
            "n15": 2.6252935465543526e+23,
            "w180": 2.2002684604680978e+23,
            "w182": 4.858926183533717e+25,
            "w183": 2.6219865820578175e+25,
            "w184": 5.61068457419365e+25,
            "w186": 5.207302023107831e+25,
            "ta181": 1.2699815137438344e+25,
            "fe54": 2.859683099471644e+27,
            "fe56": 4.487502709940119e+28,
            "fe57": 1.0363296018598096e+27,
            "fe58": 1.3687372100035224e+26,
            "he4": 8.556814031993147e+24
        }
    },
    "BreedingZone": {
        "Thickness": 0.5,
        "Elements": {
            "cr50": 3.4932353275182872e+25,
            "cr52": 6.745002775254203e+26,
            "cr53": 7.646482859775052e+25,
            "cr54": 1.9075962502807238e+25,
            "c12": 4.211881895687436e+25,
            "c13": 4.514251576773187e+23,
            "mn55": 3.3857393516872475e+25,
            "v50": 4.564199829780092e+22,
            "v51": 1.8211157320822566e+25,
            "n14": 9.919775407420322e+24,
            "n15": 3.983845545148725e+22,
            "w180": 3.338876033833117e+22,
            "w182": 7.373351241381468e+24,
            "w183": 3.978827273651132e+24,
            "w184": 8.514133886274449e+24,
            "w186": 7.902006613405042e+24,
            "ta181": 1.9271788492338263e+24,
            "fe54": 4.339528351532228e+26,
            "fe56": 6.809721413173651e+27,
            "fe57": 1.5726154026065512e+26,
            "fe58": 2.077039210989785e+25,
            "he4": 9.415177822036346e+24,
            "si28": 1.6429533650304805e+27,
            "si29": 8.375141882476419e+25,
            "si30": 5.52402975227168e+25,
            "o16": 7.113524764860822e+27,
            "o17": 2.7085565236945015e+24,
            "o18": 1.4611949667299284e+25,
            "li6": 4.276668195307107e+27,
            "li7": 2.851112130204738e+27,
            "be9": 4.497711485442155e+28
        }
    },
    "BackSupportingStructure": {
        "Thickness": 0.385,
        "Elements": {
            "cr50": 2.1494923167602375e+26,
            "cr52": 4.150402215311242e+27,
            "cr53": 4.7051099099590454e+26,
            "cr54": 1.1738011038529408e+26,
            "c12": 2.591697073072239e+26,
            "c13": 2.777754193586019e+24,
            "mn55": 2.0833468234087726e+26,
            "v50": 2.8084888495733137e+23,
            "v51": 1.120587050979752e+26,
            "n14": 6.103934897906049e+25,
            "n15": 2.4513794770707027e+23,
            "w180": 2.054510420412439e+23,
            "w182": 4.5370438450774696e+25,
            "w183": 2.4482915843248236e+25,
            "w184": 5.23900157205172e+25,
            "w186": 4.862341328309438e+25,
            "ta181": 1.185850863472713e+25,
            "fe54": 2.670241760267699e+27,
            "fe56": 4.190225531497005e+28,
            "fe57": 9.676773558576962e+26,
            "fe58": 1.278064432264882e+26,
            "he4": 9.605383434602737e+24
        }
    },
    "VVWallFront": {
        "Thickness": 0.06,
        "Elements": {
            "c12": 1.1818672205169214e+26,
            "c13": 1.2667130978240006e+24,
            "mn55": 1.7417565756760532e+27,
            "ni58": 6.383942285296341e+27,
            "ni60": 2.456083522390076e+27,
            "ni61": 1.0686775631773611e+26,
            "ni62": 3.402894345906861e+26,
            "ni64": 8.680661609668742e+25,
            "cr50": 6.788880884168569e+26,
            "cr52": 1.3108484287864655e+28,
            "cr53": 1.4860453548295254e+27,
            "cr54": 3.707292095732606e+26,
            "mo92": 1.8324944691128423e+26,
            "mo94": 1.1456206919147634e+26,
            "mo95": 1.982085854346544e+26,
            "mo96": 2.0818134445023447e+26,
            "mo97": 1.1942378921157164e+26,
            "mo98": 3.0292255509824537e+26,
            "mo100": 1.2141834101468765e+26,
            "s32": 4.244205288736313e+25,
            "s33": 3.402527446666242e+23,
            "s34": 1.9564532818330897e+24,
            "s36": 8.954019596490112e+21,
            "si28": 1.570676698943221e+27,
            "si29": 8.006703346022926e+25,
            "si30": 5.2810171005683135e+25,
            "p31": 6.950971821450403e+25,
            "n14": 4.422703960252551e+26,
            "n15": 1.7761863294186953e+24,
            "fe54": 3.2960721023705995e+27,
            "fe56": 5.172297760643095e+28,
            "fe57": 1.194473992653961e+27,
            "fe58": 1.5776071601090052e+26
        }
    },
    "VVShield": {
        "Thickness": 0.2,
        "Elements": {
            "c12": 7.091203323101528e+25,
            "c13": 7.600278586944003e+23,
            "mn55": 1.045053945405632e+27,
            "ni58": 3.8303653711778046e+27,
            "ni60": 1.4736501134340454e+27,
            "ni61": 6.412065379064166e+25,
            "ni62": 2.0417366075441166e+26,
            "ni64": 5.208396965801245e+25,
            "cr50": 4.0733285305011414e+26,
            "cr52": 7.865090572718793e+27,
            "cr53": 8.916272128977151e+26,
            "cr54": 2.2243752574395635e+26,
            "mo92": 1.0994966814677054e+26,
            "mo94": 6.87372415148858e+25,
            "mo95": 1.1892515126079264e+26,
            "mo96": 1.2490880667014069e+26,
            "mo97": 7.1654273526942975e+25,
            "mo98": 1.817535330589472e+26,
            "mo100": 7.285100460881259e+25,
            "s32": 2.5465231732417878e+25,
            "s33": 2.0415164679997453e+23,
            "s34": 1.1738719690998538e+24,
            "s36": 5.372411757894067e+21,
            "si28": 9.424060193659327e+26,
            "si29": 4.804022007613756e+25,
            "si30": 3.168610260340988e+25,
            "p31": 4.170583092870241e+25,
            "n14": 2.6536223761515304e+26,
            "n15": 1.0657117976512171e+24,
            "fe54": 1.9776432614223598e+27,
            "fe56": 3.103378656385857e+28,
            "fe57": 7.166843955923766e+26,
            "fe58": 9.46564296065403e+25,
            "o16": 1.3270307047126944e+28,
            "o17": 5.052822322553345e+24,
            "o18": 2.725864674009042e+25,
            "h1": 2.658994559640303e+28,
            "d": 3.856101246159132e+24
        }
    },
    "VVWallBack": {
        "Thickness": 0.06,
        "Elements": {
            "c12": 1.1818672205169214e+26,
            "c13": 1.2667130978240006e+24,
            "mn55": 1.7417565756760532e+27,
            "ni58": 6.383942285296341e+27,
            "ni60": 2.456083522390076e+27,
            "ni61": 1.0686775631773611e+26,
            "ni62": 3.402894345906861e+26,
            "ni64": 8.680661609668742e+25,
            "cr50": 6.788880884168569e+26,
            "cr52": 1.3108484287864655e+28,
            "cr53": 1.4860453548295254e+27,
            "cr54": 3.707292095732606e+26,
            "mo92": 1.8324944691128423e+26,
            "mo94": 1.1456206919147634e+26,
            "mo95": 1.982085854346544e+26,
            "mo96": 2.0818134445023447e+26,
            "mo97": 1.1942378921157164e+26,
            "mo98": 3.0292255509824537e+26,
            "mo100": 1.2141834101468765e+26,
            "s32": 4.244205288736313e+25,